Text,Sentimen
a+,pos
acungan jempol,pos
adaptif,pos
adil,pos
afinitas,pos
afirmasi,pos
agilely,pos
agung,pos
ahli,pos
ahlinya,pos
ajaib,pos
aklamasi,pos
akomodatif,pos
akurat,pos
alam mimpi,pos
alhamdulillah,pos
allahu akbar,pos
altruistis,pos
aman,pos
amanah,pos
amat,pos
ambisius,pos
andal,pos
aneh,pos
anggun,pos
angin sepoi-sepoi,pos
angkat,pos
antusias,pos
antusiasme,pos
apik,pos
apresiasi,pos
asli,pos
aspirasi,pos
asyik,pos
bagos,pos
bagus,pos
bahagia,pos
baik,pos
baik diposisikan,pos
baik sekali,pos
baik-baik,pos
bakat,pos
bangga,pos
bantuan,pos
banyak,pos
banyak akal,pos
barang baru,pos
batu permata,pos
bebas,pos
bebas masalah,pos
bebas pulsa,pos
bebas rasa sakit,pos
bebas resiko,pos
bekerja,pos
bekerja keras,pos
belas kasihan,pos
benar,pos
benar-benar,pos
bengal,pos
beradaptasi,pos
beralasan,pos
berani,pos
berapi,pos
berarti,pos
berbaik hati,pos
berbakat,pos
berbesar hati,pos
berbudi luhur,pos
bercacat,pos
bercahaya,pos
bercanda,pos
bercita-cita,pos
berdaya cipta,pos
berdebar,pos
berdedikasi,pos
berdikari,pos
berempati,pos
bergairah,pos
bergaya,pos
bergema,pos
bergembira,pos
bergembira sekali,pos
bergengsi,pos
bergizi,pos
berguna,pos
berharga,pos
berhasil,pos
berhutang,pos
berikut,pos
berimbang,pos
berisi,pos
beristirahat,pos
berjanji,pos
berjasa,pos
berjaya,pos
berjenis,pos
berjuang,pos
berkapasitas besar,pos
berkat,pos
berkeinginan,pos
berkelakuan baik,pos
berkelanjutan,pos
berkembang,pos
berkeyakinan,pos
berkilau,pos
berkilauan,pos
berkualitas,pos
berlangsung mudah,pos
berlimpah,pos
berlimpah-limpah,pos
bermaksud baik,pos
bermanfaat,pos
bermanuver,pos
bermartabat,pos
bernilai,pos
berpendidikan,pos
berpendidikan baik,pos
berpengalaman,pos
berpengaruh,pos
berpengetahuan luas,pos
berpijar,pos
bersatu,pos
bersedia melakukan,pos
bersemangat,pos
bersemangat meluap-luap,pos
bersenang-senang,pos
bersenda gurau,pos
berseri,pos
bersifat dermawan,pos
bersifat mendamaikan,pos
bersih,pos
bersinar,pos
bersorak,pos
bersubsidi,pos
bersuka cita,pos
bersuka ria,pos
bersyukur,pos
bertanggung jawab,pos
bertekun,pos
berterimakasih,pos
beruntung,pos
berwarna ria,pos
berwawasan,pos
besar,pos
besar sekali,pos
biaya rendah,pos
bijak,pos
bijaksana,pos
bikin cemburu,pos
bimbingan,pos
bintang rock,pos
bisa digunakan,pos
bisa diterapkan,pos
bonus,pos
boros,pos
brilian,pos
cahaya,pos
cahaya redup,pos
cakap,pos
cantik,pos
cashbacks,pos
cekatan,pos
cemas,pos
cemerlang,pos
cepat,pos
cerah,pos
cerdas,pos
cerdik,pos
cergas,pos
cermat,pos
cetar,pos
cetar membahana,pos
cinta,pos
cocok,pos
contoh,pos
cukup,pos
cukup besar,pos
cukuplah,pos
damai,pos
dapat diandalkan,pos
dapat dicapai,pos
dapat diganti,pos
dapat dipercaya,pos
dapat diraih,pos
dapat disesuaikan,pos
daya tarik,pos
dengan mewah,pos
dengan senang hati,pos
dengan sopan,pos
dermawan,pos
dewasa,pos
diakses,pos
diakui,pos
diam,pos
dianggap baik,pos
dibaca,pos
dibebaskan,pos
diberikan,pos
dibersihkan,pos
dibuat dengan baik,pos
dicapai,pos
didominasi,pos
didukung,pos
diganggu gugat,pos
diganti oleh pengguna,pos
digunakan,pos
dihargai,pos
diinginkan,pos
diizinkan,pos
dikelola,pos
dikelola dengan baik,pos
dikembalikan,pos
dilayari,pos
dilengkapi,pos
dilepas,pos
dilihat,pos
dimenangkan,pos
dimengerti,pos
dinamis,pos
diperbaharui,pos
dipercaya,pos
diperoleh,pos
diplomatik,pos
dipoles,pos
direformasi,pos
direkomendasikan,pos
diremajakan,pos
direstrukturisasi,pos
disahkan,pos
disayangi,pos
disederhanakan,pos
disubsidi,pos
ditambah lagi,pos
ditegakkan,pos
diterima dengan baik,pos
ditingkatkan,pos
diverifikasi,pos
dorongan,pos
duanya,pos
Dukung,pos
dukungan,pos
durian runtuh,pos
edukatif,pos
efektif,pos
efektivitas,pos
efisien,pos
egois,pos
ekonomis,pos
ekstase,pos
elastis,pos
elegan,pos
elite,pos
emas,pos
empati,pos
enak,pos
enchantingly,pos
energi,pos
ergonomis,pos
etis,pos
euforia,pos
evaluatif,pos
examplar,pos
fajar,pos
fantastis,pos
fasih,pos
fav,pos
fave,pos
favorit,pos
fenomenal,pos
firdaus,pos
fleksibel,pos
fleksibilitas,pos
futuristik,pos
gagah,pos
gaib,pos
gainfully,pos
gairah,pos
gamblang,pos
gembira,pos
gembira luar biasa,pos
gembira sekali,pos
gemuk,pos
gesit,pos
giat,pos
gigih,pos
gokil,pos
gratis,pos
gurih,pos
habis,pos
hadiah,pos
hak istimewa,pos
halal,pos
halus,pos
handal,pos
handier,pos
hangat,pos
harga diri,pos
harga rendah,pos
harmoni,pos
harmonis,pos
harta,pos
harum,pos
hasil karya,pos
hasil terbaik,pos
hati,pos
hati-hati,pos
hebat,pos
hemat,pos
hemat biaya,pos
hemat energi,pos
heran,pos
heroik,pos
hore,pos
horee,pos
hormat,pos
hubungan,pos
hujan es,pos
iba,pos
ideal,pos
idealnya,pos
idola,pos
ikhwan,pos
ilahi,pos
ilu,pos
imajinatif,pos
iman,pos
imut,pos
indah,pos
individual,pos
infalibilitas,pos
inovasi,pos
inovatif,pos
inspirasi,pos
inspirasional,pos
inspiratif,pos
instrumental,pos
integral,pos
intelijen,pos
intim,pos
intrik,pos
intuitif,pos
irama,pos
iri,pos
istimewa,pos
isyarat,pos
jaminan,pos
jaminan mutu,pos
janji,pos
jawa,pos
jelas,pos
jempol,pos
jempolan,pos
jenaka,pos
jenius,pos
juara,pos
jujur,pos
kagum,pos
kanan,pos
karisma,pos
karismatik,pos
karya,pos
kasih sayang,pos
kaya,pos
kaya fitur,pos
keadaan yg sebenarnya,pos
keadilan,pos
keagungan,pos
keajaiban,pos
keanggunan,pos
keangkeran,pos
keaslian,pos
kebahagiaan,pos
kebaikan,pos
kebajikan,pos
kebal,pos
kebanggaan,pos
kebangkitan,pos
kebaruan,pos
kebebasan,pos
kebenaran,pos
keberanian,pos
keberhasilan,pos
keberlanjutan,pos
kebersamaan,pos
kebersihan,pos
keberuntungan,pos
kebesaran,pos
kebetulan,pos
kebijaksanaan,pos
kecakapan,pos
kecantikan,pos
kecemerlangan,pos
kecepatan,pos
kecerdasan,pos
kecerdikan,pos
keemasan,pos
keenakan,pos
kegairahan,pos
kegembiraan,pos
kegembiraan yg meluap-luap,pos
kehangatan,pos
keheranan,pos
keindahan,pos
keinginan,pos
keintiman,pos
kejayaan,pos
kejelasan,pos
kejujuran,pos
kekaguman,pos
kekal,pos
kekalahan,pos
kekasih,pos
kekencangan,pos
kelancaran berbicara,pos
kelangsungan hidup,pos
kelas atas,pos
kelas satu,pos
kelas utama,pos
kelayakan,pos
kelezatan,pos
kelimpahan,pos
kelincahan,pos
kelip redup,pos
kelucuan,pos
keluwesan,pos
kemajuan,pos
kemakmuran,pos
kemampuan,pos
kemantapan,pos
kemasyhuran,pos
kematangan,pos
kemauan baik,pos
kemegahan,pos
kemenangan,pos
kemewahan,pos
kemudahan,pos
kemurahan hati,pos
kenangan,pos
kenikmatan,pos
kenyamanan,pos
kepanjangan akal daya,pos
kepentingan,pos
kepercayaan,pos
keperkasaan,pos
kepincut,pos
kepuasan,pos
kepuasan diri,pos
keramahan,pos
keramat,pos
keranjingan,pos
kerelaan,pos
keren,pos
kerendahan hati,pos
keriangan,pos
keriuhan di pawai,pos
kerubin,pos
kesabaran,pos
kesalehan,pos
kesatuan,pos
kesayangan,pos
kesehatan,pos
kesejahteraan,pos
kesembronoan,pos
kesempurnaan,pos
kesenangan,pos
kesetiaan,pos
kesopanan,pos
kestabilan,pos
kesucian,pos
kesukaan,pos
kesungguhan,pos
ketabahan,pos
ketajaman,pos
ketegasan,pos
keteguhan,pos
ketekunan,pos
ketenangan,pos
ketenaran,pos
keterbukaan,pos
ketercocokan,pos
ketidakberpihakan,pos
ketrampilan,pos
ketulusan,pos
keuletan,pos
keunggulan,pos
keuntungan,pos
kewaspadaan,pos
khusus,pos
kilau,pos
klasik,pos
koheren,pos
koherensi,pos
komitmen,pos
kompak,pos
kompetitif,pos
komplementer,pos
konsisten,pos
konstruktif,pos
kontinuitas,pos
kontras,pos
kontribusi,pos
kooperatif,pos
koperasi,pos
korek api,pos
kreatif,pos
Kualitas terbaik,pos
kualitas tinggi,pos
kuasa,pos
kuat,pos
kue panas,pos
kukuh,pos
kurus,pos
lagu,pos
lancar,pos
landasan,pos
lapang,pos
laudably,pos
layak,pos
lebih baik,pos
lebih baik dari perkiraan,pos
lebih cemerlang dari,pos
lebih cepat,pos
lebih dikenal,pos
lebih disukai,pos
lebih hangat,pos
lebih kencang,pos
lebih keras,pos
Lebih memilih,pos
lebih memilih,pos
lebih murah,pos
lebih suka,pos
lebih tenang,pos
ledakan,pos
legendaris,pos
lemah lembut,pos
lembut,pos
lezat,pos
licin,pos
lincah,pos
liris,pos
logis,pos
loyalitas,pos
luar biasa,pos
luas,pos
lucu,pos
lumayan,pos
luwes,pos
maaf,pos
mahal,pos
mahir,pos
main-main,pos
maju,pos
makanan,pos
makmur,pos
malaikat,pos
mampu,pos
manfaat,pos
manis,pos
manis sekali,pos
manja,pos
manjur,pos
mantab,pos
manusiawi,pos
mapan,pos
martabat,pos
master,pos
masuk akal,pos
matang,pos
mati-matian,pos
mau kalah,pos
mawas,pos
megah,pos
mekar,pos
melampaui,pos
melebihi,pos
melengkapi,pos
melindungi,pos
meluruskan,pos
memadai,pos
memanggil,pos
memantapkan,pos
memastikan,pos
membandingi keindahan puisi,pos
membantu,pos
membara,pos
membayar,pos
membebaskan,pos
memberanikan,pos
memberdayakan,pos
memberkati,pos
membesarkan hati,pos
membesut,pos
membiasakan,pos
membuat lebih baik dr,pos
membudayakan,pos
membujuk,pos
membuktikan,pos
memelihara,pos
memeluk,pos
memenuhi,pos
memenuhi syarat,pos
memeriahkan,pos
memfavoritkan,pos
memihak,pos
memikat,pos
memikat hati,pos
memimpin,pos
memperbaiki,pos
memperbaiki akhlak,pos
mempercantik,pos
mempercayakan,pos
memperjelas,pos
memperkaya,pos
memperkuat,pos
mempermanis,pos
memperoleh kembali,pos
mempesona,pos
memuaskan,pos
memudahkan,pos
memuja,pos
memujanya,pos
memuji,pos
memuji-muji,pos
memuji-muji terlebih-lebihan,pos
memukau,pos
memuliakan,pos
memulihkan,pos
memurnikan,pos
menakjubkan,pos
menambah,pos
menang,pos
menantang,pos
menarik,pos
menariknya,pos
menawan,pos
mencengangkan,pos
mencintai,pos
mencukupi,pos
mendalam,pos
mendamaikan,pos
mendapatkan,pos
mendebarkan,pos
mendewakan,pos
mendominasi,pos
mendorong,pos
mendukung,pos
menebus,pos
menegakkan,pos
menegaskan,pos
menegaskan lagi,pos
menenangkan,pos
menentukan,pos
menerangi,pos
menerangkan,pos
menerima,pos
menerobos,pos
mengagetkan,pos
mengagumi,pos
mengagumkan,pos
mengagungkan,pos
mengakali,pos
mengalahkan,pos
menganggap,pos
mengangkat,pos
menganjurkan,pos
mengasyikan,pos
mengasyikkan,pos
mengatasi,pos
mengecoh,pos
mengejutkan,pos
mengerti,pos
mengesahkan,pos
mengesankan,pos
menggairahkan,pos
menggelenyar,pos
menggelikan,pos
menggelitik,pos
menggembirakan,pos
menggemparkan,pos
menggetarkan,pos
menggiurkan,pos
menggoda,pos
menggugah,pos
menghadiahkan,pos
menghaluskan,pos
menghargai,pos
mengharukan,pos
mengherankan,pos
menghibur,pos
menghidupkan,pos
menghormat,pos
menghormati,pos
mengidealkan,pos
mengidolakan,pos
mengilhami,pos
menginginkan,pos
mengisyaratkan,pos
menguasai,pos
mengucapkan selamat,pos
mengundang,pos
mengungguli,pos
menguntungkan,pos
menikmati,pos
menimbulkan perasaan cinta,pos
menimbulkan rasa antusias,pos
meninggikan,pos
meningkat,pos
meningkatkan,pos
menitipkan,pos
menjamin,pos
menjanjikan,pos
menonjol,pos
mentereng,pos
menunjukkan gejala,pos
menurut hak,pos
menyalip,pos
menyambut,pos
menyanjung,pos
menyaring,pos
menyederhanakan,pos
menyegarkan,pos
menyelaraskan,pos
menyelesaikan,pos
menyembuhkan,pos
menyenangkan,pos
menyerahkan,pos
menyeringai,pos
menyetujui,pos
menyolok,pos
menyubsidi,pos
menyukai,pos
menyusul,pos
merangsang,pos
merayakan,pos
merayu,pos
mereda,pos
mereformasi,pos
merekomendasikan,pos
merelakan,pos
meremajakan,pos
merendahkan,pos
merenung,pos
merevitalisasi,pos
merevolusi,pos
merevolusionerkan,pos
meriangkan,pos
meringankan,pos
meromantiskan,pos
mewah,pos
meyakinkan,pos
minim resiko,pos
modern,pos
modis,pos
montok,pos
monumental,pos
moralitas,pos
muda,pos
mudah,pos
mudah digunakan,pos
mujarab,pos
mukjizat,pos
mulia,pos
mulus,pos
murah,pos
murah banget,pos
murah hati,pos
murni,pos
mutakhir,pos
nasib,pos
nikmat,pos
non-kekerasan,pos
nyaman,pos
nyaring,pos
obat untuk segala penyakit,pos
obsesi,pos
optimal,pos
optimis,pos
optimisme,pos
otoriter,pos
padat,pos
pahlawan,pos
pahlawan wanita,pos
paling beruntung,pos
paling dikenal,pos
panas,pos
pandai berbicara,pos
panorama,pos
pantas,pos
pasien,pos
pasti,pos
pasukan penjaga perdamaian,pos
patriot,pos
patriotik,pos
patuh,pos
pedih,pos
peka,pos
pelamun,pos
pelindung,pos
pelonggaran,pos
pembaruan,pos
pembebasan,pos
pembela,pos
pemberdayaan,pos
pemberian Tuhan,pos
pembersih,pos
pembetulan,pos
pemecah masalah,pos
pemenang,pos
pemenuhan,pos
pemulihan,pos
penampilan terbaik,pos
pencerahan,pos
pencinta,pos
pendewaan,pos
pendukung,pos
penebusan,pos
penegasan kembali,pos
penentuan nasib sendiri,pos
penerima,pos
pengagum,pos
pengampunan,pos
pengangkatan,pos
pengaruh,pos
pengasih,pos
pengasuhan,pos
pengembalian dana,pos
penggemar,pos
penghargaan,pos
Penghargaan,pos
penghemat,pos
penghematan,pos
penghematan biaya,pos
penghiburan,pos
penghormatan,pos
penguasaan,pos
peninggian derajat,pos
peningkatan,pos
penipu,pos
penjualan terbaik,pos
penolong,pos
penting,pos
penuh,pos
penuh gaya,pos
penuh harapan,pos
penuh kasih,pos
penuh kebahagiaan,pos
penuh kebajikan,pos
penuh kegembiraan,pos
penuh kepercayaan,pos
penuh pengharapan,pos
penuh perasaan,pos
penuh perhatian,pos
penuh peristiwa,pos
penuh semangat,pos
penuh sukacita,pos
penyayang,pos
penyelamat,pos
penyuburan,pos
perasaan kagum,pos
perasaan suka cita,pos
perayaan,pos
perbaikan,pos
perbedaan,pos
perdamaian,pos
perdana menteri,pos
perhatian,pos
periang,pos
perjanjian,pos
perlawanan,pos
perlindungan,pos
permai,pos
permata,pos
persahabatan,pos
persetujuan,pos
persik,pos
personalisasi,pos
pertama di kelas,pos
pertumbuhan tercepat,pos
pesona,pos
petualang,pos
piala,pos
pikiran-bertiup,pos
pilihan,pos
pintar,pos
Plus,pos
populer,pos
portabel,pos
positif,pos
preferensi,pos
prestasi,pos
pro,pos
proaktif,pos
prodigi,pos
produktif,pos
progresif,pos
promotor,pos
puas,pos
puitis,pos
pujian,pos
pukulan yg tdk keras,pos
pulih,pos
puncak,pos
rahmat,pos
rajin,pos
rak,pos
ramah,pos
ramah tamah,pos
rangsang,pos
rapi,pos
rasa hormat,pos
rasa manis,pos
rasional,pos
rata,pos
realisasi,pos
realistis,pos
reformasi,pos
rekomendasi,pos
rela,pos
reputasi,pos
reseptif,pos
resiko rendah,pos
responsif,pos
restrukturisasi,pos
revolusioner,pos
ria gembira,pos
riang,pos
ringan,pos
ringkas,pos
rohani,pos
rokstar,pos
romantis,pos
rujuk,pos
rumit,pos
sabar,pos
sah,pos
saleh,pos
salut,pos
sangat,pos
sangat baik,pos
sangat berharga,pos
sangat indah,pos
sangat memuaskan,pos
sangat menarik,pos
sangat menyayangi,pos
sangat mudah,pos
sangat penting,pos
sangat rajin,pos
sangat sopan,pos
sangat tepat,pos
sanjungan,pos
sarankan,pos
sayang,pos
sayang anak,pos
secara kuat,pos
secara menyenangkan,pos
secara terbuka,pos
secepatnya,pos
sederhana,pos
segar,pos
segera,pos
sehat,pos
seimbang,pos
seksi,pos
Selamat,pos
selamat,pos
selayaknya,pos
selektif,pos
semakin lembut,pos
semakin makmur,pos
semangat,pos
sempurna,pos
semuanya,pos
senang,pos
sengaja,pos
sensasi,pos
sensasional,pos
senyum,pos
sepanjang masa,pos
sepantasnya,pos
sepatutnya,pos
sepele,pos
sepenuh hati,pos
seperti,pos
seperti malaikat,pos
seperti patung,pos
seperti raja,pos
serangan balik,pos
serba cepat,pos
serba guna,pos
sesak napas,pos
sesuai,pos
sesuai dengan mode terakhir,pos
sesungguhnya,pos
setajam silet,pos
setia,pos
setuju,pos
sewajarnya,pos
sewenang-wenang,pos
siap,pos
sigap,pos
sihir,pos
sikap tenang,pos
silakan,pos
silau,pos
simpatisan,pos
sok aksi,pos
solidaritas,pos
sopan,pos
sorak kegirangan,pos
sosial,pos
spektakuler,pos
spontan,pos
sporty,pos
stabil,pos
stabilitas,pos
sub,pos
subhanallah,pos
subsidi,pos
substantif,pos
subur,pos
suci,pos
sukacita,pos
sukses,pos
sulit,pos
sungguh,pos
sungguh-sungguh,pos
super,pos
supremasi,pos
surealis,pos
surga,pos
surgawi,pos
swasembada,pos
swatantra,pos
syukur,pos
taat,pos
taat hukum,pos
tabah,pos
tabungan,pos
tahan karat,pos
tahan lama,pos
tajam,pos
tak ada salahnya,pos
tak ada taranya,pos
tak berbahaya,pos
tak bercacat,pos
tak bersuara,pos
tak bersyarat,pos
tak dapat disangsikan,pos
tak diragukan lagi,pos
tak disengaja,pos
tak kenal takut,pos
tak perlu dipersoalkan,pos
tak tahu malu,pos
tak terbantahkan,pos
tak terbatas,pos
tak tergantikan,pos
tak terhitung,pos
tak terkalahkan,pos
tak terkendalikan,pos
tak terlupakan,pos
tak ternilai,pos
tak terpadai,pos
tak tertahankan,pos
takdir,pos
takjub,pos
takzim,pos
tampak,pos
tampan,pos
tanda,pos
tangan ke bawah,pos
tangkas,pos
tanpa cela,pos
tanpa dosa,pos
tanpa malu-malu,pos
tanpa rasa sakit,pos
tanpa rasa takut,pos
tanpa tenaga,pos
tawar,pos
tawaran,pos
tdk berbahaya,pos
tegas,pos
teguh,pos
teladan,pos
teliti,pos
temanmu,pos
tenang,pos
tepat,pos
tepat pada waktunya,pos
tepat waktu,pos
tepuk tangan sorak,pos
terampil,pos
terang,pos
terang benderang,pos
teranyar,pos
terbaik,pos
terbaru,pos
terbatas,pos
terbebani,pos
terberat,pos
terbersih,pos
terbesar,pos
terbukti,pos
tercapai,pos
tercengang,pos
tercepat,pos
tercinta,pos
terdengar,pos
terdepan,pos
terelakkan,pos
tergantikan,pos
terhormat,pos
terima,pos
terima kasih,pos
terjamin,pos
terjangkau,pos
terkalahkan,pos
terkejar,pos
terkejut,pos
terkekang,pos
terkemuka,pos
terkenal,pos
terkenal di dunia,pos
terkuat,pos
terlalu memanjakan,pos
termotivasi,pos
termudah,pos
termurah,pos
terobosan,pos
terompet,pos
terpadu,pos
terpanas,pos
terpelajar,pos
terpengaruh,pos
terpenting,pos
terpercaya,pos
terpesona,pos
terpuji,pos
terrifically,pos
tersayang,pos
tersedia,pos
tersenyum,pos
tertarik,pos
tertib,pos
tertinggi,pos
terus terang,pos
terutama,pos
tetap,pos
tiada bandingan,pos
tiada duanya,pos
tidak egois,pos
tidak ternilai,pos
tipis,pos
tokoh,pos
TOP,pos
trendi,pos
tulang punggung,pos
tulus,pos
tumbuh cepat,pos
tunggu dulu,pos
uang kembali,pos
ulung,pos
unggul,pos
unggulan,pos
unik,pos
untung,pos
untungnya,pos
utuh,pos
uye,pos
variasi,pos
visioner,pos
wah,pos
wahyu,pos
warna-warni,pos
waspada,pos
whooa,pos
Whooooa,pos
Wow,pos
WOW,pos
yakin,pos
yay,pos
yeah,pos
yihaa,pos
abnormal,neg
absurd,neg
acak,neg
acak-acakan,neg
acuh,neg
acuh tak acuh,neg
adiktif,neg
adil,neg
agresi,neg
agresif,neg
agresor,neg
aib,neg
air terjun,neg
akurat,neg
alarm,neg
alasan,neg
alat permainan,neg
alergi,neg
alergik,neg
amat ketakutan,neg
amat panas,neg
ambigu,neg
ambivalen,neg
ambivalensi,neg
amoral,neg
amoralitas,neg
ampun,neg
amuk,neg
anak nakal,neg
anak yatim,neg
anarki,neg
anarkis,neg
anarkisme,neg
ancaman,neg
aneh,neg
aneh lagi,neg
anehnya,neg
angkuh,neg
angriness,neg
anjing,neg
anjlok,neg
anomali,neg
antagonis,neg
antagonisme,neg
antek,neg
anti-,neg
anti-Amerika,neg
anti-Israel,neg
anti-kita,neg
anti-pendudukan,neg
anti-proliferasi,neg
anti-putih,neg
anti-Semit,neg
antipati,neg
antisosial,neg
antitesis,neg
apak,neg
apati,neg
apatis,neg
apek,neg
apokaliptik,neg
apologis,neg
argumentatif,neg
artinya jika,neg
asam,neg
asap,neg
asem,neg
asing,neg
astaghfirullah,neg
asusila,neg
awan,neg
awas,neg
babi,neg
badai,neg
bahan tertawaan,neg
bahaya,neg
bajingan,neg
baju kotor,neg
balas dendam,neg
bandel,neg
bandot,neg
bangkrut,neg
bantingan,neg
banyak sekali,neg
barang ganjil,neg
barbar,neg
basi,neg
bau,neg
bawahan,neg
bebal,neg
beban,neg
bejat,neg
bekas,neg
bekas luka,neg
bekas roda,neg
beku,neg
belah,neg
belum dewasa,neg
belum dicoba,neg
belum dikonfirmasi,neg
belum pasti,neg
belum selesai,neg
benar-benar,neg
bencana,neg
bencana alam,neg
benci,neg
bengah,neg
bengis,neg
bengkak,neg
bengkeng,neg
bengkok,neg
benjolan,neg
bentrokan,neg
beracun,neg
beradab,neg
berakhir,neg
berang,neg
berani,neg
berantakan,neg
berat,neg
berat sebelah,neg
berawan,neg
berbahaya,neg
berbatu-batu,neg
berbau,neg
berbeda,neg
berbisa,neg
berbohong,neg
berbuat curang,neg
berbuat jahat,neg
berbuat salah,neg
berbuih,neg
bercacat,neg
berdalih,neg
berdarah,neg
berdasar,neg
berdaya,neg
berdebar,neg
berdebat,neg
berdebu,neg
berdengung,neg
berdenyut,neg
berdenyut-denyut,neg
berderak,neg
berderit,neg
berdetak,neg
berdokumen,neg
berdosa,neg
berduka,neg
berduri,neg
berdusta,neg
berebut,neg
bergairah,neg
bergegas,neg
bergelombang,neg
bergeming,neg
bergerak,neg
bergerak lambat,neg
bergerigi,neg
bergetar,neg
bergolak,neg
bergulat,neg
berhaluan kiri,neg
berisiko,neg
berita palsu,neg
berjangkit,neg
berjuang,neg
berkarat,neg
berkata tanpa berpikir,neg
berkedip,neg
berkejut,neg
berkenan,neg
berkeping-keping,neg
berkeras pendirian,neg
berkeringat,neg
berkerut,neg
berkhayal,neg
berkilat,neg
berkilau,neg
berkolusi,neg
berkonflik,neg
berkubang,neg
berkurang,neg
berlangganan,neg
berlebihan,neg
berlemak,neg
berlengah-lengah,neg
berlepotan,neg
berliku-liku,neg
berlumpur,neg
bermain berlebih-lebihan,neg
bermasalah,neg
berminyak,neg
bermoral,neg
bermuka dua,neg
bermuram,neg
bermuram durja,neg
bermusuhan,neg
bermutu rendah,neg
bernasib buruk,neg
bernoda kotor,neg
berongga,neg
berperang,neg
berpura-pura,neg
berputus asa,neg
bersaing,neg
bersakit,neg
bersanding,neg
bersedih,neg
bersekongkol,neg
berselang,neg
berselisih,neg
bersemangat,neg
bersenandung,neg
berserakan,neg
bersetubuh,neg
bersisik,neg
bertele-tele,neg
bertemu,neg
bertengkar,neg
bertentangan,neg
berteriak,neg
bertindak tidak pantas,neg
bertingkah,neg
bertubuh kecil,neg
berukuran terlalu kecil,neg
berumur pendek,neg
berwajah dua,neg
biadab,neg
bias,neg
biasa,neg
biasa-biasa saja,neg
bid'ah,neg
bikinan,neg
bimbang,neg
binasa,neg
bingung,neg
Bingung,neg
bisa ular,neg
bising,neg
blunder,neg
bobrok,neg
bocor,neg
bodoh,neg
bohong,neg
bom,neg
boneka,neg
boros,neg
bosan,neg
botak,neg
brutal,neg
bual,neg
buar,neg
buas,neg
budak,neg
bug,neg
bukan kepalang,neg
buntu,neg
bunuh diri,neg
buram,neg
buritan,neg
buronan,neg
buruk,neg
buruk sekali,neg
busuk,neg
buta,neg
buta huruf,neg
cabul,neg
cacat,neg
cacian,neg
calo,neg
cambuk,neg
canggung,neg
cara,neg
cari perkara,neg
carut-marut,neg
cebol,neg
cedera,neg
cekcok,neg
cekung,neg
celaan,neg
celah,neg
celaka,neg
cemas,neg
cemberut,neg
cemburu,neg
cemooh,neg
cemoohan,neg
cenderung,neg
cengeng,neg
cengking,neg
cercaan,neg
cerdik,neg
cerewet,neg
ceroboh,neg
compang-camping,neg
corengan,neg
cukup,neg
curam,neg
curang,neg
curiga,neg
dancok,neg
dangkal,neg
deadline,neg
debu,neg
defensif,neg
degenerasi,neg
degradasi,neg
dehumanisasi,neg
delusi,neg
demam,neg
demoralisasi,neg
dendam,neg
dengan mencemoohkan,neg
dengan mendapat malapetaka,neg
dengan mengagetkan,neg
dengan menghina,neg
dengan menyedihkan,neg
dengan menyesal,neg
dengan panas,neg
dengan penuh ketakutan,neg
dengan rasa curiga,neg
dengan rasa hina,neg
dengan remeh-temeh,neg
dengan sedih,neg
dengan segan,neg
dengan sengit,neg
dengan sia-sia,neg
dengan suara keras,neg
dengan sukar,neg
dengan terbahak-bahak,neg
dengan tidak senang,neg
dengki,neg
depresi,neg
derita,neg
desis,neg
destruktif,neg
diam,neg
diam-diam,neg
dibakar,neg
dibanjiri,neg
dibantai,neg
dibenarkan,neg
dibenci,neg
dibesar-besarkan,neg
dibuang,neg
dibuat-buat,neg
dicela,neg
dicerca,neg
dicuci,neg
dicuri,neg
didanai,neg
diganggu,neg
dihaluskan,neg
dihentikan,neg
dihibur,neg
dihukum,neg
dijauhi,neg
dijelaskan,neg
dikaburkan,neg
dikenakan,neg
dikorbankan,neg
diktator,neg
diktatoris,neg
dilapisi gula,neg
dilecehkan,neg
dilema,neg
dilenyapkan,neg
dimaafkan,neg
dimarahi,neg
dimengerti,neg
dingin,neg
diperangi,neg
diperkosa,neg
diperlakukan dengan buruk,neg
dipermainkan,neg
dipertanyakan,neg
dipikirkan,neg
dirampas,neg
diremehkan,neg
dirugikan,neg
disalahgunakan,neg
disalahpahami,neg
disayangkan,neg
disebut-sebut,neg
disederhanakan,neg
disengaja,neg
disengketakan,neg
disiram,neg
diskredit,neg
diskriminasi,neg
diskriminatif,neg
disorient,neg
disproporsional,neg
distorsi,neg
ditakdirkan,neg
ditinggalkan,neg
ditipu,neg
ditolak,neg
dogmatis,neg
dominan,neg
dongkol,neg
dosa,neg
downgrade,neg
drastis,neg
drop-out,neg
dua wajah,neg
dugaan,neg
duka,neg
dukun,neg
dumping,neg
dungu,neg
duniawi,neg
dupa,neg
durhaka,neg
duri,neg
dusta,neg
dusun,neg
dwimakna,neg
edan,neg
egois,neg
egoisme,neg
egomania,neg
egosentris,neg
ejek,neg
ejekan,neg
ekonomis,neg
eksploitasi,neg
eksploitatif,neg
eksplosif,neg
ekstremis,neg
enggan,neg
enggan membantu,neg
erosi,neg
fana,neg
fanatik,neg
fanatisme,neg
fantastis,neg
fasis,neg
fasisme,neg
fatal,neg
fiksi,neg
fitnah,neg
fitnahan,neg
fobia,neg
friksi,neg
frustasi,neg
frustrasi,neg
fundamentalis,neg
fundamentalisme,neg
ga jelas,neg
ga karuan,neg
ga peka,neg
gadungan,neg
gagal,neg
gagap,neg
gaib,neg
galak,neg
ganas,neg
gangguan,neg
ganjil,neg
ganti rugi,neg
gantung,neg
garang,neg
garis keras,neg
garu,neg
gasang,neg
gatal,neg
gegabah,neg
gejala,neg
Gejala,neg
gelandangan,neg
gelap,neg
gelisah,neg
gelora,neg
gembar-gembor,neg
gendut,neg
genit,neg
genosida,neg
genting,neg
gerah,neg
geram,neg
gerombolan,neg
gesekan,neg
gesper,neg
getah,neg
getaran,neg
giat,neg
gigih,neg
gigil,neg
gila,neg
gila hormat,neg
gila ketakutan,neg
gila-gilaan,neg
godaan,neg
goreng,neg
goresan,neg
gosip,neg
goyah,neg
goyangan,neg
gua,neg
gugup,neg
gurun,neg
gusar,neg
habis,neg
hak milik,neg
hal merendahkan diri,neg
hal tidak dimengerti,neg
halangan,neg
hama,neg
hambatan,neg
hampir,neg
hampir mati,neg
hancur,neg
hang,neg
haram,neg
harga di atas,neg
hasutan,neg
haus,neg
haus darah,neg
hedon,neg
hedonistik,neg
hegemoni,neg
hegemonisme,neg
hemat,neg
hidung belang,neg
hina,neg
hingar-bingar,neg
hiruk-pikuk,neg
histeri,neg
histeria,neg
histeris,neg
hujat,neg
hukuman,neg
hukuman penjara,neg
hukuman setimpal,neg
hutang,neg
iblis,neg
idiot,neg
igauan,neg
ih,neg
ikut campur,neg
ilegal,neg
Iluminati,neg
ilusi,neg
imajiner,neg
imperialis,neg
impoten,neg
impulsif,neg
individualis,neg
indoktrinasi,neg
infeksi,neg
inferioritas,neg
inflamasi,neg
inflasi,neg
ingusan,neg
inkompeten,neg
inkompetensi,neg
inkonsistensi,neg
inkonstitusionil,neg
insensitively,neg
interupsi,neg
intimidasi,neg
intrusi,neg
invasif,neg
irasional,neg
irasionalitas,neg
iri,neg
Iritasi,neg
ironi,neg
ironis,neg
ironisnya,neg
isolasi,neg
istirahat,neg
isu,neg
jadah,neg
jahanam,neg
jahat,neg
jalan buntu,neg
jalan keluar,neg
jancuk,neg
janggal,neg
jatuh,neg
jatuh sakit,neg
jauh,neg
jebakan,neg
jelaga,neg
jelas,neg
jelatang,neg
jelek,neg
jelu,neg
jempol kebawah,neg
jenaka,neg
jengkel,neg
jerat,neg
jerawat,neg
jeritan,neg
jeruk nipis,neg
jijik,neg
jompo,neg
jumlah sedikit,neg
kabur,neg
kabut,neg
kacau,neg
kadaluarsa,neg
kadung,neg
kafir,neg
kagum,neg
kain kafan,neg
kaku,neg
kalah,neg
kalahan,neg
kambing hitam,neg
kambuh,neg
kampungan,neg
kandang,neg
kandas,neg
kanibal,neg
kanker,neg
kantong sampah,neg
kapak,neg
kapalan,neg
karat,neg
kasar,neg
kasihan,neg
kata-kata kasar,neg
katastropi,neg
keadaan acuh tak acuh,neg
keadaan buruk,neg
keadaan darurat,neg
keadaan pingsan,neg
keadaan sulit,neg
keanehan,neg
keangkuhan,neg
kebal,neg
kebencian,neg
keberanian,neg
keberatan,neg
keberbahayaan,neg
kebetulan,neg
kebiadaban,neg
kebiasaan,neg
kebingungan,neg
KEBINGUNGAN,neg
kebiri,neg
kebisingan,neg
kebobolan,neg
kebocoran,neg
kebodohan,neg
kebohongan,neg
kebosanan,neg
kebrutalan,neg
kebuntuan,neg
keburukan,neg
kecabulan,neg
kecaman,neg
kecanduan,neg
kecapaian,neg
kecelakaan,neg
kecelakaan kapal,neg
kecemasan,neg
kecemburuan,neg
kecenderungan,neg
kecenderungan untuk menurun,neg
kecerobohan,neg
kecewa,neg
kecil,neg
kecongkakan,neg
kecurangan,neg
kecurigaan,neg
kedangkalan,neg
kedengkian,neg
keengganan,neg
kefanatikan,neg
kegagalan,neg
keganasan,neg
kegarangan,neg
kegelapan,neg
kegelisahan,neg
kegemparan,neg
kegemukan,neg
kegilaan,neg
kegoyangan,neg
kegugupan,neg
kehabisan,neg
kehancuran,neg
kehebohan,neg
Keheranan,neg
kehilangan,neg
kehilangan keseimbangan,neg
kehinaan,neg
keinginan pribadi,neg
keingkaran,neg
keirasionalan,neg
kejahatan,neg
kejam,neg
kejang,neg
kejanggalan,neg
kejangkitan,neg
kejatuhan,neg
kejelekan,neg
kejengahan,neg
kejengkelan,neg
keji,neg
kejut,neg
kekacauan,neg
kekakuan,neg
kekalahan,neg
kekanak-kanakan,neg
kekecewaan,neg
kekecilan,neg
kekejaman,neg
kekejamannya,neg
kekeliruan,neg
kekenyangan,neg
kekerasan,neg
kekerasan pendirian,neg
kekeringan,neg
kekesalan,neg
kekhawatiran,neg
kekhilafan,neg
kekosongan,neg
kekotoran,neg
kekuatiran,neg
kekurangan,neg
kekurangpekaan,neg
kelakuan buruk,neg
kelalaian,neg
kelambanan,neg
kelancangan,neg
kelangkaan,neg
kelaparan,neg
kelas dua,neg
kelelahan,neg
kelemahan,neg
kelemahan karena usia tua,neg
kelembutan,neg
kelesuan,neg
keletihan,neg
keliru,neg
keluar,neg
keluhan,neg
Keluhan,neg
kelupaan,neg
kemacetan,neg
kemalangan,neg
kemalasan,neg
kemandekan,neg
kemarahan,neg
kemasukan setan,neg
kemasyhuran,neg
kematian,neg
kembali,neg
kemelaratan,neg
kemenduaan,neg
kemerosotan,neg
kemiskinan,neg
kemunafikan,neg
kemunduran,neg
kemurkaan,neg
kemurungan,neg
kemustahilan,neg
kendor,neg
kendur,neg
kenekatan,neg
kental,neg
kepahitan,neg
kepala batu,neg
kepala-sakit,neg
kepatahan,neg
kepedaran,neg
kependekan,neg
kepentingan,neg
kepentingan diri sendiri,neg
kepicikan,neg
keputusasaan,neg
keputusasan,neg
keracunan,neg
keraguan,neg
kerangka,neg
keras,neg
keras hati,neg
keras kepala,neg
keras-kapal,neg
kerasnya,neg
kerdil,neg
kere,neg
kerepotan,neg
kereta,neg
keretakan,neg
keriangan,neg
keributan,neg
kerinduan,neg
kering,neg
keriput,neg
keriuhan,neg
kerlip,neg
keroncongan,neg
kerugian,neg
Kerugian,neg
kerusakan,neg
kerusuhan,neg
kerut,neg
keruwetan,neg
kesal,neg
kesalahan,neg
kesalahan besar,neg
kesalahan hitung,neg
kesalahpahaman,neg
kesamaan,neg
kesedihan,neg
keseganan,neg
kesegeraan,neg
kesembronoan,neg
kesendirian,neg
kesengitan,neg
kesengsaraan,neg
kesepian,neg
keserakahan,neg
keseriusan,neg
kesesakan,neg
kesilauan,neg
kesombongan,neg
kesulitan,neg
kesuraman,neg
kesyahidan,neg
ketabahan,neg
ketakberanian,neg
ketakutan,neg
ketamakan,neg
ketat,neg
ketegangan,neg
ketenangan,neg
keterbatasan,neg
keterbelakangan,neg
keterlaluan,neg
ketiadaan,neg
ketiadaan rasa hormat,neg
ketidakabsahan,neg
ketidakadilan,neg
ketidakakuratan,neg
ketidakamanan,neg
ketidakbahagiaan,neg
ketidakberdayaan,neg
ketidakbijaksanaan,neg
ketidakcakapan,neg
ketidakcocokan,neg
ketidakcukupan,neg
ketidakefektifan,neg
ketidakefisienan,neg
ketidakjelasan,neg
ketidakjujuran,neg
ketidakkasihan,neg
ketidaklogisan,neg
ketidakmampuan,neg
ketidakmampuan menyesuaikan diri,neg
ketidakmungkinan,neg
ketidakmurnian,neg
ketidakpantasan,neg
ketidakpedulian,neg
ketidakpercayaan,neg
ketidakpuasan,neg
ketidakrelevanan,neg
ketidaksabaran,neg
ketidaksamaan,neg
ketidakseimbangan,neg
ketidaksempurnaan,neg
ketidaksenangan,neg
ketidaksenonohan,neg
ketidaksetaraan,neg
ketidaksetiaan,neg
ketidaksopanan,neg
ketidakstabilan,neg
ketidaktahuan,neg
Ketidaktelitian,neg
ketidaktelitian,neg
ketidakteraturan,neg
ketidaktertarikan,neg
ketidaktoleranan,neg
ketidaktulusan,neg
ketinggalan,neg
ketukan,neg
ketus,neg
kewajiban,neg
kewalahan,neg
kezaliman,neg
khawatir,neg
khayalan,neg
khayalan belaka,neg
khayali,neg
khianat,neg
khusus,neg
kiamat,neg
kikir,neg
kikuk,neg
kios,neg
kisi,neg
klik,neg
klise,neg
knalpot,neg
kolot,neg
kompatibel,neg
kompleks,neg
komplikasi,neg
komplotan,neg
kompong,neg
konflik,neg
konfrontasi,neg
kongkalikong,neg
konservatif,neg
konsesi,neg
konspirasi,neg
konspiratif,neg
konspirator,neg
kontaminasi,neg
kontensius,neg
kontol,neg
kontra,neg
kontra-produktif,neg
kontradiksi,neg
kontradiktif,neg
kontraproduktif,neg
kontroversi,neg
kontroversial,neg
konyol,neg
korban,neg
korban kecelakaan,neg
korosi,neg
korosif,neg
korup,neg
korupsi,neg
kotor,neg
kotoran,neg
kram,neg
krisis,neg
kritik,neg
kritikus,neg
kritis,neg
kronis,neg
kuat,neg
kuatir,neg
kucam,neg
kucing gemuk,neg
kudung,neg
kukuh,neg
kuning,neg
kuno,neg
kupas,neg
kurang,neg
kurang ajar,neg
kurang baik,neg
kurang berkembang,neg
kurang beruntung,neg
kurang dikenal,neg
kurang lengkap,neg
kurang menarik,neg
kurang pengalaman,neg
kurang sehat,neg
kurang sopan,neg
kurus,neg
kusut,neg
kutukan,neg
labil,neg
labu,neg
lacur,neg
lalai,neg
lalim,neg
lama,neg
lamban,neg
lambat,neg
lancang,neg
lancar,neg
lapis kedua,neg
lapuk,neg
larangan,neg
larut,neg
latency,neg
lawan,neg
lebam,neg
lebih buruk,neg
lebih keras,neg
lebih mahal,neg
lebihan,neg
lecet,neg
ledakan,neg
lekat,neg
lekir,neg
lekuk,neg
lelah,neg
lelucon,neg
lemah,neg
lemak,neg
lemak-kucing,neg
lemas,neg
lembab,neg
lembek,neg
lemot,neg
lendir,neg
lengkap,neg
lengket,neg
lepas,neg
lereng,neg
lesu,neg
letih,neg
letusan,neg
liar,neg
licik,neg
licin,neg
lier,neg
limbah,neg
limbung,neg
linglung,neg
lintah,neg
lirik,neg
longgar,neg
luah,neg
luar biasa,neg
lubang angin,neg
lucu,neg
luka,neg
luka bakar,neg
luka lecet,neg
lumpuh,neg
lumpur,neg
lunak,neg
lupa,neg
lusuh,neg
Maaf,neg
mabuk,neg
mabuk kepayang,neg
mafia,neg
mahal,neg
main mata,neg
main perempuan,neg
mainan kerincingan,neg
makian,neg
makin,neg
malang,neg
malapetaka,neg
malas,neg
malu,neg
malu-malu,neg
mampat,neg
mandek,neg
manipulasi,neg
manipulatif,neg
manipulator,neg
manja,neg
marah,neg
marah-marah,neg
marginal,neg
masalah,neg
masam,neg
mati,neg
mati kelaparan,neg
mati lemas,neg
mati rasa,neg
mati-matian,neg
mau bertobat,neg
megah,neg
megap-megap,neg
melalaikan,neg
melambat,neg
melampiaskan,neg
melancarkan,neg
melanggar,neg
melanggar hukum,neg
melanggar susila,neg
melarang,neg
melarikan diri,neg
melawan hukum,neg
melayu,neg
melebih-lebihkan,neg
melecehkan,neg
meledak,neg
melelahkan,neg
melemahkan,neg
melenceng,neg
melengking,neg
melengkingkan,neg
melengkung,neg
melenyapkan,neg
melepaskan,neg
melepuh,neg
meleset,neg
meletakkan-off,neg
melibatkan,neg
melimpahi,neg
melinglungkan,neg
melodramatis,neg
melongo,neg
melongsorkan,neg
melucuti senjata,neg
melukai,neg
meluluhkan,neg
melumpuhkan,neg
melunakkan,neg
meluruhkan,neg
memabukkan,neg
memadamkan,neg
memakan waktu,neg
memaksa,neg
memaksakan,neg
memalsukan,neg
memalukan,neg
memamerkan,neg
memanaskan,neg
memancing,neg
memandang dengan marah,neg
memandang rendah,neg
memanjakan,neg
memar,neg
memarahi,neg
memarahkan,neg
memarut,neg
mematahkan semangat,neg
mematikan,neg
membagi,neg
membahas,neg
membahayakan,neg
membakar,neg
membalas,neg
membalikkan,neg
membanjiri,neg
membantah,neg
Membantah,neg
membara,neg
membatalkan,neg
membatasi,neg
membatu,neg
membayar lebih,neg
membedakan,neg
membeku,neg
membekukan,neg
membela,neg
membelit,neg
membenci,neg
membengisi,neg
memberatkan,neg
memberhentikan,neg
memberontak,neg
membinasakan,neg
membingungkan,neg
membohong,neg
memboikot,neg
memboikot dr masyarakat,neg
membolos,neg
membombardir,neg
membongkar,neg
membosankan,neg
membuang,neg
membuang waktu,neg
membuat,neg
membuat bersedih hati,neg
membuat bingung,neg
membuat kasar,neg
membuat malu,neg
membubuhi gula,neg
membujuk,neg
membunuh,neg
memburuk,neg
memburukkan,neg
memburuknya,neg
membusuk,neg
membutakan,neg
memecat,neg
memekakkan telinga,neg
memenjarakan,neg
mementingkan diri sendiri,neg
memeras,neg
memerciki,neg
memerintahkan,neg
memfitnah,neg
memihak,neg
memikat,neg
memisahkan,neg
memiskinkan,neg
memohon,neg
memperberat,neg
memperbudak,neg
memperdaya,neg
memperdayakan,neg
memperingatkan,neg
memperkosa,neg
memperlambat,neg
memperlemah,neg
mempersiapkan,neg
mempesona,neg
mempolemikkan,neg
memprihatinkan,neg
mempropagandakan,neg
memprotes,neg
memprovokasi,neg
memuakkan,neg
memuaskan diri,neg
memudarnya,neg
memukul,neg
memukul dengan tongkat,neg
memukul mundur,neg
memuntahkan,neg
memurahkan,neg
memusnahkan,neg
memutar,neg
memutarbalikkan,neg
memutuskan,neg
menabrak,neg
menahan,neg
menakuti,neg
menakutkan,neg
menampar,neg
menanamkan,neg
menangis,neg
menarik diri,neg
menarik kembali,neg
menarik perhatian,neg
menaruh simpati,neg
menasihati,neg
mencabut,neg
mencabut perlindungan hukum,neg
mencaci,neg
mencairkan,neg
mencampuradukkan,neg
mencampuri,neg
mencap,neg
mencekik,neg
mencela,neg
mencemari,neg
mencemaskan,neg
mencemoohkan,neg
mencibir,neg
mencicit,neg
mencium,neg
menciut-ciut,neg
mencla-mencle,neg
mencolok,neg
mencopoti,neg
mencubit,neg
mencuci otak,neg
mencuri,neg
mencurigakan,neg
mendadak,neg
mendakwa,neg
mendatang,neg
mendatangkan,neg
mendeklamasikan,neg
menderita,neg
menderita khayalan,neg
menderita sekali,neg
mendesak,neg
mendesis,neg
mendidih,neg
mendistorsi,neg
menduduki,neg
menegur,neg
menekan,neg
menekankan,neg
menelan,neg
menentang,neg
menertawakan,neg
menetes,neg
mengabaikan,neg
mengaburkan,neg
mengacak,neg
mengacaukan,neg
mengaku,neg
mengakui,neg
mengalah,neg
mengalahkan,neg
mengalihkan,neg
mengambil alih,neg
mengamputasi,neg
mengamuk,neg
mengancam,neg
mengancam jiwa,neg
mengangkat bahu,neg
menganiaya,neg
mengatakan,neg
mengebiri,neg
mengecam,neg
mengecewakan,neg
mengecilkan,neg
mengecilkan hati,neg
mengejan,neg
mengejek,neg
mengejuntukan,neg
mengejutkan,neg
mengeksploitasi,neg
mengeluarkan,neg
mengeluarkan isi perut,neg
mengeluh,neg
mengelupas,neg
mengembara,neg
mengemis,neg
mengendapkan,neg
mengepung,neg
mengerang,neg
mengeras,neg
mengerdilkan,neg
mengerikan,neg
mengering,neg
mengerjakan dengan kurang baik,neg
mengerti,neg
mengerut,neg
mengesalkan,neg
menggagalkan,neg
menggampangkan,neg
mengganggu,neg
mengganggu ketenangan,neg
menggantikan,neg
menggantung,neg
menggaruk,neg
menggarut,neg
menggasak,neg
menggelapkan,neg
menggelegar,neg
menggelepar,neg
menggeliat-geliut,neg
menggelikan,neg
menggelisahkan,neg
menggemparkan,neg
menggentari,neg
menggerakkan,neg
menggeram,neg
menggerenyet,neg
menggerogoti,neg
menggertak,neg
menggerutu,neg
menggigil,neg
menggigit,neg
menggila,neg
menggiling,neg
menggoda,neg
menggoyang,neg
menggugat,neg
menggugurkan,neg
menggulingkan,neg
menggusarkan,neg
menghadapi,neg
menghalangi,neg
menghalau,neg
menghambat,neg
menghancurkan,neg
menghantui,neg
menghapus,neg
menghapuskan,neg
menghasut,neg
menghebohkan,neg
mengherankan,neg
menghilangkan,neg
menghina,neg
menghinakan,neg
menghindari,neg
menghujat,neg
menghukum,neg
menghukum sebelum memeriksa,neg
mengigau,neg
mengikis,neg
mengindoktrinasikan,neg
mengingkari,neg
menginjak-injak,neg
mengintai,neg
mengintimidasi,neg
mengintip,neg
mengisap,neg
mengkhawatirkan,neg
mengkhianati,neg
mengkritik,neg
mengoceh,neg
mengolesi,neg
mengolok-olok,neg
mengomel,neg
mengorbankan,neg
mengotori,neg
mengotorkan,neg
mengoyakkan,neg
menguap,neg
menguasai,neg
mengumpat,neg
mengumumkan kekurangan,neg
mengundurkan diri,neg
menguntungkan,neg
mengurangi,neg
menguras,neg
mengusir,neg
mengutuk,neg
Mengutuk,neg
meniadakan,neg
menidurkan,neg
menimbulkan,neg
menimbulkan kebencian,neg
menimpa,neg
menindas,neg
meninggal,neg
meninggal dunia,neg
meninggalkan,neg
meningkat,neg
meninju,neg
menipu,neg
menitis,neg
menjadi kaya,neg
menjadi terlalu panas,neg
menjarah,neg
menjatuhkan,neg
menjauhkan,neg
menjauhkan diri,neg
menjelekkan,neg
menjemukan,neg
menjengkelkan,neg
menjerat,neg
menjerit,neg
menjijikkan,neg
menjiplak tulisan,neg
menodai,neg
menohok,neg
menolak,neg
menonjol,neg
mentah,neg
menuduh,neg
menumbangkan,neg
menumpahkan,neg
menunda,neg
menunduk,neg
menundukkan,neg
menuntut,neg
menurun,neg
menurunkan,neg
menurunkan nilai,neg
menusuk,neg
menutup jalan,neg
menyaingi,neg
menyakiti,neg
menyakitkan,neg
menyala,neg
menyalahgunakan,neg
menyalahkan,neg
menyangkal,neg
menyangsikan,neg
menyapa,neg
menyayangkan,neg
menyayat,neg
menyayat hati,neg
menyebalkan,neg
menyederhanakan,neg
menyedihkan,neg
menyelinap,neg
menyembunyikan,neg
menyenangkan,neg
menyengat,neg
menyentakkan,neg
menyerah,neg
menyeramkan,neg
menyerang,neg
menyerbu,neg
menyeret,neg
menyesali,neg
menyesalkan,neg
menyesatkan,neg
menyesatkan pikiran,neg
menyia nyiakan,neg
menyiangi,neg
menyihir,neg
menyiksa,neg
menyilaukan,neg
menyimpang,neg
menyindir,neg
menyinggung,neg
menyita pikiran,neg
menyolok,neg
menyombongkan,neg
menyumbat,neg
menyumpahi,neg
menyusahkan,neg
menyusup,neg
menyusut,neg
meracuni,neg
meragukan,neg
merajalela,neg
merajuk,neg
merampas,neg
merana,neg
merancang,neg
merangsang,neg
merasa jijik,neg
merata,neg
meratap,neg
meratapi,neg
meraup,neg
merayap,neg
merebut,neg
meremas,neg
meremehkan,neg
merencanakan,neg
merendahkan,neg
merendahkan martabat,neg
merengek,neg
merenung,neg
merepet,neg
meresahkan,neg
meretas,neg
merinding,neg
meringis,neg
merobek,neg
merokok,neg
merongrong,neg
merosot,neg
merugikan,neg
merusak,neg
merusak akhlak,neg
merusak bentuk,neg
merusakkan,neg
mewah,neg
meyakinkan,neg
mimpi buruk,neg
miring,neg
misinformasi,neg
miskin,neg
misteri,neg
misterius,neg
mitos,neg
momok,neg
mubazir,neg
mudah terharu,neg
mudah tersinggung,neg
mudah tertipu,neg
multi-polarisasi,neg
munafik,neg
mundur,neg
mungil,neg
mungkin,neg
mungkir,neg
muntah,neg
muntahan,neg
muntahan kebencian,neg
murah,neg
murahan,neg
muram,neg
murka,neg
murtad,neg
murung,neg
muslihat,neg
mustahil,neg
musuh,neg
nafsu berahi,neg
nafsu berperang,neg
naif,neg
najis,neg
nakal,neg
ndeso,neg
negatif,neg
nekat,neg
nenek,neg
nepotisme,neg
neraka,neg
neurotik,neg
ngambek,neg
ngawur,neg
ngelantur,neg
ngeri,neg
ngobrol,neg
ngomel,neg
noda,neg
noda-noda,neg
non-aktif,neg
non-keyakinan,neg
nyaring,neg
nyengir,neg
nyeri,neg
nyinyir,neg
nyonya,neg
obat bius,neg
obrolan,neg
obsesif,neg
obyek,neg
ocehan,neg
ogah-ogahan,neg
omelan,neg
omong kosong,neg
oportunistik,neg
oposisi,neg
orak,neg
orang asing,neg
orang bodoh,neg
orang buangan,neg
orang canggung,neg
orang celaka,neg
orang dungu,neg
orang fanatik,neg
orang gila,neg
orang ingkar,neg
orang kikir,neg
orang luar,neg
orang membenci,neg
orang miskin,neg
otokrat,neg
otokratis,neg
otoriter,neg
overakting,neg
padat,neg
pagar,neg
pahit,neg
paksaan,neg
paling aneh,neg
paling kejam,neg
paling lambat,neg
paling menakutkan,neg
palsu,neg
panas,neg
panci,neg
pandangan marah,neg
pandangan yg menghinakan,neg
panggilan,neg
panggilan dari pengadilan,neg
panik,neg
panjang,neg
paradoks,neg
paradoksal,neg
parah,neg
paranoia,neg
paranoid,neg
parasit,neg
paria,neg
parno,neg
parodi,neg
partisan,neg
pasif,neg
pasrah,neg
pasti,neg
patah,neg
patah hati,neg
patuh,neg
patung,neg
payudara,neg
pecah,neg
pecahnya,neg
pecandu,neg
pecundang,neg
pedas,neg
pedih,neg
pekerja buruk,neg
pekerjaan rumah,neg
pelabuhan,neg
pelacur,neg
pelakunya,neg
pelalaian,neg
pelan-pelan,neg
pelanggar,neg
pelanggar hukum,neg
pelanggaran,neg
pelanggaran hukum,neg
pelawak,neg
pelemahan,neg
pelepasan nafsu berahi,neg
pelit,neg
pelupa,neg
pemabuk,neg
pemalas,neg
pemalsuan,neg
pemarah,neg
pembakar,neg
pembakaran,neg
pembalasan,neg
pembangkang,neg
pembangkangan,neg
pembantaian,neg
pembatalan,neg
pembaur,neg
pembekuan,neg
pembela,neg
pembenci,neg
pembengkakan,neg
pemberang,neg
pemberontakan,neg
Pembobolan,neg
pembohong,neg
pembongkar,neg
pemborosan,neg
pembual,neg
pembuangan,neg
pembuatan,neg
pembubaran,neg
pembukaan lagu,neg
pembunuh,neg
pembunuhan,neg
pembunuhan besar-besaran,neg
pemecahan,neg
pemegatan,neg
pemerasan,neg
pemerkosaan,neg
pemfitnah,neg
pemfitnahan,neg
pemilih,neg
pemisahan,neg
pemotongan,neg
pemukulan,neg
pemusnahan,neg
pemutarbalikan,neg
penaklukan,neg
penakut,neg
penalti,neg
penangkapan,neg
pencegah,neg
pencemar,neg
pencemas,neg
pencurian,neg
pendapat,neg
pendendam,neg
penderita,neg
penderitaan,neg
penderitaan mendalam,neg
pendosa,neg
penekanan,neg
pengabaian,neg
pengacau,neg
pengaduan,neg
pengakuan,neg
pengamuk,neg
penganggur,neg
penganiaya,neg
penganiayaan,neg
pengap,neg
pengasingan,neg
pengeboman,neg
pengecualian,neg
pengecut,neg
pengemis,neg
pengenaan,neg
pengepungan,neg
pengeringan,neg
pengganggu,neg
penggerutu,neg
penghancuran,neg
penghasut,neg
penghinaan,neg
penghindaran,neg
penghujatan,neg
penghukuman,neg
pengingatan,neg
pengingkaran,neg
pengiring jenazah,neg
pengkhianat,neg
pengkhianatan,neg
pengkritik,neg
pengobrol,neg
pengotor,neg
pengrusakan,neg
pengumpatan,neg
pengunduran diri,neg
pengurangan,neg
penindas,neg
penindasan,neg
penipu,neg
penipuan,neg
penjahat,neg
penjara,neg
penjara gelap bawah tanah,neg
penjarah,neg
penolakan,neg
penuh,neg
penuh benci,neg
penuh celaan,neg
penuh curiga,neg
penuh dosa,neg
penuh sesal,neg
penumpasan,neg
penundaan,neg
penurunan,neg
penurut,neg
penyadap,neg
penyakit,neg
penyakit gila,neg
penyalahgunaan,neg
penyangkalan,neg
penyederhanaan berlebihan,neg
penyelewengan,neg
penyembunyian,neg
penyendiri,neg
penyerbu,neg
penyergapan,neg
penyesalan,neg
penyesat,neg
penyesatan,neg
penyiksaan,neg
penyimpang,neg
penyimpangan,neg
penyisihan,neg
penyok,neg
penyuapan,neg
penyusup,neg
peot,neg
peradangan,neg
perampas,neg
perampasan,neg
perangkap,neg
perasaan geli,neg
perasaan waswas,neg
perawan tua,neg
perbedaan pendapat,neg
perbuatan jahat,neg
perbudakan,neg
perdarahan,neg
perebut,neg
perempuan jahanam,neg
perfidity,neg
pergolakan,neg
perhatian,neg
perih sekali,neg
peringatan,neg
perjuangan,neg
perkelahian,neg
perlakuan kejam,neg
perlawanan,neg
perlu,neg
permohonan,neg
permusuhan,neg
perpecahan,neg
persahabatan,neg
persaingan,neg
perselisihan,neg
pertempuran,neg
pertengkaran,neg
pertengkaran sengit,neg
pertentangan,neg
pertikaian,neg
pertumpahan darah,neg
pertunjukkan,neg
perubahan,neg
perusak,neg
pesimis,neg
pesimisme,neg
pesimistis,neg
pesta,neg
pesta besar,neg
pesuruh,neg
petualangan,neg
PHK,neg
picik,neg
picketed,neg
pidana,neg
piket,neg
pikun,neg
pilih-pilih,neg
pimpinan salah,neg
pincang,neg
pingsan,neg
pisah,neg
pisau,neg
piuh,neg
plin-plan,neg
polusi,neg
prasangka,neg
pratfall,neg
prihatin,neg
primitif,neg
propaganda,neg
protes,neg
provokasi,neg
provokatif,neg
puas,neg
pucat,neg
pukulan,neg
punah,neg
punk,neg
pura-pura,neg
pusing,neg
putus,neg
putus asa,neg
racun,neg
radikal,neg
Radikal,neg
radikalisasi,neg
ragu,neg
ragu-ragu,neg
rajin,neg
raksasa,neg
ramai,neg
rambut rontok,neg
rampasan,neg
rantingly,neg
rants,neg
rapuh,neg
rasa bersalah,neg
rasa cemas,neg
rasa gelisah,neg
rasa sakit,neg
rasa suram,neg
rasa tidak berterimakasih,neg
rasa tidak enak,neg
rasis,neg
rasisme,neg
reaksioner,neg
realistis,neg
rebusan,neg
redundansi,neg
redup,neg
relevan,neg
remang,neg
remang-remang,neg
remeh,neg
remehkan,neg
rendah,neg
rendah dinilai,neg
rendahan,neg
rentan,neg
represi,neg
represif,neg
reruntuhan,neg
resah,neg
resesi,neg
retak,neg
retorik,neg
retoris,neg
rewel,neg
reyot,neg
ribet,neg
ribut,neg
rintik,neg
risiko,neg
riuh,neg
roboh,neg
rongsokan,neg
ruam,neg
rumah kaca,neg
rumit,neg
rumor,neg
runtuh,neg
rusak,neg
rusuh,neg
sabar,neg
sabotase,neg
sakit,neg
sakit dirancang,neg
sakit hati,neg
sakit kepala,neg
sakit punggung,neg
sakit saraf,neg
sakit-dibentuk,neg
sakit-didefinisikan,neg
sakit-digunakan,neg
sakit-dipahami,neg
sakit-penggunaan,neg
sakitan,neg
sakitnya tuh disini,neg
salah,neg
Salah,neg
salah baca,neg
salah hitung,neg
salah informasi,neg
salah membaca,neg
salah menafsirkan,neg
salah mengerti,neg
salah mengucapkan,neg
salah mengurus,neg
salah menilai,neg
salah menyebutkan,neg
salah paham,neg
salah pikiran,neg
salah saji,neg
salju longsor,neg
saluran air,neg
sama sekali,neg
samar,neg
samaran,neg
sambilan,neg
sampah,neg
sandal bakiak,neg
sandera,neg
sangat,neg
sangat efektif,neg
sangat jahat,neg
sangat lapar,neg
sangat marah,neg
sangat menakjubkan,neg
sangat sedikit,neg
sanggahan,neg
sarkasme,neg
sarkastik,neg
saru,neg
satir,neg
satiris,neg
sayangnya,neg
sebelum waktunya,neg
sedang saja,neg
sederhana,neg
sedih,neg
sedikit,neg
segan,neg
segera,neg
sejajar,neg
selai,neg
selang,neg
selendang,neg
selingan,neg
selokan,neg
sembarangan,neg
sembrono,neg
semburan,neg
sementara,neg
sempit,neg
semrawut,neg
sendirian,neg
sengit,neg
sensasi,neg
sensasional,neg
sensasionil,neg
sentakan,neg
sepakan,neg
sepele,neg
serakah,neg
seram,neg
serampangan,neg
serangan,neg
Serangan,neg
serangan gencar,neg
seret,neg
serius,neg
serong,neg
sesat,neg
setan,neg
setengah hati,neg
setia,neg
sewenang-wenang,neg
shamefulness,neg
shamelessness,neg
sia-sia,neg
sial,neg
sialan,neg
sikap,neg
siksaan,neg
sindiran,neg
sindroma,neg
singkat,neg
sinis,neg
sinisme,neg
sinting,neg
siput,neg
sirep,neg
sisa-sisa,neg
sisi bawah,neg
sisi buta,neg
siuman,neg
skandal,neg
skeptis,neg
sobek,neg
sok,neg
sok nasehati,neg
sok ngatur,neg
sombong,neg
sporadis,neg
stagnasi,neg
statis,neg
steal,neg
stereotip,neg
stres,neg
suam,neg
suar,neg
subversif,neg
suka memandang rendah,neg
sulit,neg
sumbang,neg
sundal,neg
suram,neg
susah,neg
syok,neg
tabir asap,neg
tabu,neg
tahayul,neg
tahi,neg
tai,neg
tajam,neg
taji,neg
tak ada artinya,neg
tak bahagia,neg
tak baik,neg
tak berarti,neg
tak berdaya,neg
tak bergairah,neg
tak berguna,neg
tak beriman,neg
tak bermutu,neg
tak bernyawa,neg
tak berperasaan,neg
tak berperikemanusiaan,neg
tak berpindah-pindah,neg
tak bersedia,neg
tak biasa,neg
tak dihargai,neg
tak henti-hentinya,neg
tak hormat,neg
tak jelas,neg
tak kelihatan,neg
tak kenal ampun,neg
tak kompeten,neg
tak layak,neg
tak menentu,neg
tak pernah puas,neg
tak populer,neg
tak putus-putusnya,neg
tak sehat,neg
tak sepakat,neg
tak setuju,neg
tak tahu malu,neg
tak tentu,neg
tak terbayangkan,neg
tak terbedakan,neg
tak terdamaikan,neg
tak terduga,neg
tak terelakkan,neg
tak terhindarkan,neg
tak terhitung,neg
tak terkatakan,neg
tak terkendalikan,neg
tak terpecahkan,neg
tak terpenuhi,neg
tak tertahankan,neg
takhyul,neg
takut,neg
tamak,neg
tamparan,neg
tandus,neg
tangki,neg
tanpa,neg
tanpa alasan,neg
tanpa ampun,neg
tanpa belas kasihan,neg
tanpa berpikir,neg
tanpa cinta,neg
tanpa dasar,neg
tanpa diketahui,neg
tanpa hasil,neg
tanpa henti,neg
tanpa hukum,neg
tanpa iman,neg
tanpa kompromi,neg
tanpa malu,neg
tanpa pandang bulu,neg
tanpa rebewes,neg
tanpa sadar,neg
tanpa semangat,neg
tanpa tujuan,neg
tantangan,neg
tawanan,neg
tawar-menawar,neg
tebal,neg
tegang,neg
tegar,neg
teguran,neg
tekanan,neg
telanjang,neg
teliti,neg
tenggelam,neg
tenggelamnya,neg
tengkar,neg
teralihkan,neg
teramat,neg
teramati,neg
terampil,neg
terang-terangan,neg
terangsang,neg
terasa tidak enak,neg
terasing,neg
terbalik,neg
terbandingkan,neg
terbatas,neg
terbawah,neg
terbayangkan,neg
terbelakang,neg
terbodoh,neg
terbuang,neg
terbujuk,neg
terbukti,neg
terbunuh,neg
terburu nafsu,neg
terburuk,neg
tercela,neg
tercemar,neg
terdefinisi,neg
terdelusi,neg
terduga,neg
terencana,neg
terfragmentasi,neg
tergagap,neg
terganggu,neg
tergenang,neg
tergesa-gesa,neg
terhalang,neg
terhambat,neg
terhina,neg
terhukum,neg
teriakan,neg
terik,neg
terinfeksi,neg
terinfestasi,neg
terjal,neg
terjangan,neg
terjangkau,neg
terjawab,neg
terjelek,neg
terkejut,neg
terkena,neg
terkenal,neg
terkenal jahat,neg
terkesima,neg
terkulai,neg
terkutuk,neg
terlalu,neg
terlalu banyak,neg
terlalu berani,neg
terlalu bersemangat,neg
terlalu besar,neg
terlalu mahal,neg
terlalu menekankan,neg
terlalu tinggi,neg
terlambat,neg
terlantar,neg
terlarang,neg
terlepas,neg
terlibat,neg
termiskin,neg
ternoda,neg
teror,neg
terorirs,neg
terorisme,neg
terpencil,neg
terpengaruh,neg
terperangkap,neg
terperanjat,neg
terputus-putus,neg
tersandung,neg
tersangka,neg
tersangkut,neg
tersedak,neg
terselesaikan,neg
terselubung,neg
tersembunyi,neg
tersembunyi dan membahayakan,neg
tersendat,neg
tersentak-sentak,neg
tersiksa,neg
tersinggung,neg
tersumbat,neg
tertagihnya,neg
tertahankan,neg
tertanam di hati,neg
tertancap,neg
tertandingi,neg
tertarik,neg
tertekan,neg
tertempa,neg
tertinggal,neg
tertipu,neg
terurai,neg
tiba-tiba,neg
tidak,neg
tidak ada,neg
tidak ada reaksi,neg
tidak adil,neg
tidak akurat,neg
tidak aman,neg
tidak bagus,neg
tidak benar,neg
tidak beralasan,neg
tidak berharga,neg
tidak berhasil,neg
tidak berhati-hati,neg
tidak berkelanjutan,neg
tidak berperasaan,neg
tidak bertanggung jawab,neg
tidak bijaksana,neg
tidak cakap,neg
tidak cukup,neg
tidak curiga,neg
tidak dapat diandalkan,neg
tidak dapat digunakan,neg
tidak dapat dipertahankan,neg
tidak dapat diterima,neg
tidak dibutuhkan,neg
tidak didukung,neg
tidak diinginkan,neg
tidak diketahui,neg
tidak disukai,neg
tidak efektif,neg
tidak efisien,neg
tidak etis,neg
tidak hormat,neg
tidak jelas,neg
tidak jujur,neg
tidak kompeten,neg
tidak kompetitif,neg
tidak konsisten,neg
tidak kreatif,neg
tidak kuat,neg
tidak layak,neg
tidak lazim,neg
tidak lengkap,neg
tidak logis,neg
tidak mampu,neg
tidak masuk akal,neg
tidak memadai,neg
tidak mematuhi,neg
tidak membantu,neg
tidak memiliki,neg
tidak memuaskan,neg
tidak menarik,neg
tidak mendukung,neg
tidak menghargai,neg
tidak menyenangkan,neg
tidak menyetujui,neg
tidak menyukai,neg
tidak mungkin,neg
tidak nyaman,neg
tidak ortodoks,neg
tidak pantas,neg
tidak peduli,neg
tidak peka,neg
tidak penting,neg
tidak perlu,neg
tidak praktis,neg
tidak produktif,neg
tidak puas,neg
tidak ramah,neg
tidak rasional,neg
tidak resmi,neg
tidak sama,neg
tidak sebanding,neg
tidak seimbang,neg
tidak sempurna,neg
tidak setuju,neg
tidak sopan,neg
tidak suka,neg
tidak tahu berterima kasih,neg
tidak tegas,neg
tidak tepat,neg
tidak terbaca,neg
tidak terbukti,neg
tidak terdengar,neg
tidak terduga,neg
tidak terkalahkan,neg
tidak tersedia,neg
tidak tetap,neg
tidak tulus,neg
tidak wajar,neg
tikungan,neg
tikus,neg
timbunan,neg
timidness,neg
timpang,neg
tindak pencegahan,neg
tindakan ekstrimis,neg
tindakan merugikan,neg
tindakan yg bodoh,neg
tinggi harga-,neg
tinggi hati,neg
tinju,neg
tipis,neg
tipu,neg
tipu daya,neg
tipu muslihat,neg
tirani,neg
tolol,neg
topangan,neg
totaliter,neg
tragedi,neg
tragis,neg
traped,neg
trauma,neg
traumatis,neg
tuduhan,neg
Tuduhan,neg
tukang daging,neg
tukang fitnah,neg
tukang jualan,neg
Tukang onar,neg
tuli,neg
Tumbang,neg
tumpul,neg
tuna karya,neg
tunggul,neg
Tunggul,neg
tusukan,neg
uap,neg
ugal-ugalan,neg
ulang,neg
ular berbisa,neg
ultimatum,neg
ultra-garis keras,neg
umpan,neg
umpatan,neg
untuk sementara,neg
usang,neg
usil,neg
utuh,neg
vagina,neg
virus,neg
volatil,neg
vulgar,neg
wabah,neg
waria,neg
was-was,neg
waspada,neg
wastafel,neg
ya silahkan saja,neg
Yahudi,neg
